{"cameraMode":{"drawMode":0,"name":"Shaded","section":"Shading Mode"},"sceneLighting":false,"audioPlay":false,"sceneViewState":{"showFog":true,"showMaterialUpdate":true,"showSkybox":true,"showFlares":true,"showImageEffects":true,"showParticleSystems":true},"in2DMode":false,"pivot":{"x":-1.3799999952316285,"y":0.4300000071525574,"z":5.179999828338623},"rotation":{"x":-0.16822832822799684,"y":0.7780120968818665,"z":-0.234551340341568,"w":-0.5580162405967712},"size":2.457779884338379,"orthographic":false}