{"cameraMode":{"drawMode":0,"name":"Shaded","section":"Shading Mode"},"sceneLighting":false,"audioPlay":false,"sceneViewState":{"showFog":true,"showMaterialUpdate":true,"showSkybox":true,"showFlares":true,"showImageEffects":true,"showParticleSystems":true},"in2DMode":false,"pivot":{"x":2.384185791015625e-7,"y":-1.5163761377334595,"z":9.77500057220459},"rotation":{"x":-0.16822829842567445,"y":0.7780120968818665,"z":-0.2345513254404068,"w":-0.5580162405967712},"size":12.484304428100586,"orthographic":false}