{"cameraMode":{"drawMode":0,"name":"Shaded","section":"Shading Mode"},"sceneLighting":false,"audioPlay":false,"sceneViewState":{"showFog":true,"showMaterialUpdate":true,"showSkybox":true,"showFlares":true,"showImageEffects":true,"showParticleSystems":true},"in2DMode":false,"pivot":{"x":-1.2448559999465943,"y":0.5911381244659424,"z":7.066723346710205},"rotation":{"x":0.16963079571723939,"y":-0.8303646445274353,"z":0.37381044030189516,"w":0.3768100440502167},"size":28.30200958251953,"orthographic":false}