{"cameraMode":{"drawMode":0,"name":"Shaded","section":"Shading Mode"},"sceneLighting":false,"audioPlay":false,"sceneViewState":{"showFog":true,"showMaterialUpdate":true,"showSkybox":true,"showFlares":true,"showImageEffects":true,"showParticleSystems":true},"in2DMode":false,"pivot":{"x":-0.04999995231628418,"y":-1.1659953594207764,"z":3.7218661308288576},"rotation":{"x":-0.16822832822799684,"y":0.7780120968818665,"z":-0.234551340341568,"w":-0.5580162405967712},"size":29.43067741394043,"orthographic":false}