{"cameraMode":{"drawMode":0,"name":"Shaded","section":"Shading Mode"},"sceneLighting":false,"audioPlay":false,"sceneViewState":{"showFog":true,"showMaterialUpdate":true,"showSkybox":true,"showFlares":true,"showImageEffects":true,"showParticleSystems":true},"in2DMode":false,"pivot":{"x":1.392104983329773,"y":0.5911378860473633,"z":4.490633964538574},"rotation":{"x":-0.14896225929260255,"y":0.783405065536499,"z":-0.20572872459888459,"w":-0.5672411918640137},"size":4.330112934112549,"orthographic":false}