{"cameraMode":{"drawMode":0,"name":"Shaded","section":"Shading Mode"},"sceneLighting":false,"audioPlay":false,"sceneViewState":{"showFog":true,"showMaterialUpdate":true,"showSkybox":true,"showFlares":true,"showImageEffects":true,"showParticleSystems":true},"in2DMode":false,"pivot":{"x":-56.90625,"y":-8.813251495361329,"z":54.040679931640628},"rotation":{"x":-0.16822829842567445,"y":0.7780120968818665,"z":-0.2345513254404068,"w":-0.5580162405967712},"size":12.539400100708008,"orthographic":false}