{"cameraMode":{"drawMode":0,"name":"Shaded","section":"Shading Mode"},"sceneLighting":false,"audioPlay":false,"sceneViewState":{"showFog":true,"showMaterialUpdate":true,"showSkybox":true,"showFlares":true,"showImageEffects":true,"showParticleSystems":true},"in2DMode":false,"pivot":{"x":-2.030254364013672,"y":-4.295995235443115,"z":3.6918654441833498},"rotation":{"x":-0.14896225929260255,"y":0.783405065536499,"z":-0.20572872459888459,"w":-0.5672411918640137},"size":30.321741104125978,"orthographic":false}