{"cameraMode":{"drawMode":0,"name":"Shaded","section":"Shading Mode"},"sceneLighting":false,"audioPlay":false,"sceneViewState":{"showFog":true,"showMaterialUpdate":true,"showSkybox":true,"showFlares":true,"showImageEffects":true,"showParticleSystems":true},"in2DMode":false,"pivot":{"x":-0.09370636940002442,"y":-1.0305778980255128,"z":5.082028388977051},"rotation":{"x":-0.40423163771629336,"y":0.27587413787841799,"z":-0.12930719554424287,"w":-0.8624209761619568},"size":5.874078273773193,"orthographic":false}