{"cameraMode":{"drawMode":0,"name":"Shaded","section":"Shading Mode"},"sceneLighting":false,"audioPlay":false,"sceneViewState":{"showFog":true,"showMaterialUpdate":true,"showSkybox":true,"showFlares":true,"showImageEffects":true,"showParticleSystems":true},"in2DMode":false,"pivot":{"x":0.0000011920928955078126,"y":-1.51637601852417,"z":9.934009552001954},"rotation":{"x":-0.16822829842567445,"y":0.7780120968818665,"z":-0.2345513254404068,"w":-0.5580162405967712},"size":12.068521499633789,"orthographic":false}