{"cameraMode":{"drawMode":0,"name":"Shaded","section":"Shading Mode"},"sceneLighting":true,"audioPlay":false,"sceneViewState":{"showFog":true,"showMaterialUpdate":false,"showSkybox":true,"showFlares":true,"showImageEffects":true,"showParticleSystems":true},"in2DMode":false,"pivot":{"x":1.5401439666748047,"y":1.9419012069702149,"z":12.664786338806153},"rotation":{"x":0.006881067994982004,"y":0.9894659519195557,"z":-0.13560529053211213,"w":0.0502096451818943},"size":15.343522071838379,"orthographic":false}